,PredArrDelay,PredDelayFactor
0,36.95816200514204,Nan
1,13.646308784562493,Nan
2,34.1136837475415,Nan
3,33.50790442525549,NASDelay
4,14.620603426698509,Nan
5,15.234826615271437,Nan
6,13.40986847182219,Nan
7,24.645840337405062,WeatherDelay
8,21.846479562663838,Nan
9,17.604189671400707,Nan
10,28.241278161416208,Nan
11,18.099489141891322,Nan
12,11.021565421073198,Nan
13,26.407971034756553,Nan
14,23.34466183133093,WeatherDelay
15,22.66772748976321,NASDelay
16,10.714703829303204,Nan
17,26.80975317705421,Nan
18,19.679645454893798,Nan
19,32.03967335125314,Nan
20,27.085123247979748,Nan
21,30.211943244515407,Nan
22,22.558669937404666,Nan
23,38.77394909661302,LateAircraftDelay
24,14.145955142803082,Nan
25,29.496265582448014,WeatherDelay
26,33.865182518840186,NASDelay
27,28.61873094109983,Nan
28,21.540946373441358,Nan
29,28.664017397256206,Nan
30,27.38846729088152,Nan
31,25.20102930197355,Nan
32,30.324221058169446,Nan
33,12.798237255872515,Nan
34,33.744036966156585,WeatherDelay
35,29.74005031051777,WeatherDelay
36,34.32241510696528,NASDelay
37,23.038153101883832,Nan
38,14.201457174616525,Nan
39,10.55891363712405,Nan
40,32.11122930920571,Nan
41,14.009482729941826,Nan
42,16.101485308493515,Nan
43,39.76546840326397,WeatherDelay
44,28.338406613789612,Nan
45,27.641864265791032,Nan
46,24.336226287939887,Nan
47,24.233781815627502,WeatherDelay
48,24.227952060616822,Nan
49,23.854851453082127,Nan
50,22.190203440419353,Nan
51,6.4552060677233225,Nan
52,26.673324072931376,Nan
53,14.389164009648727,WeatherDelay
54,29.253431022722157,Nan
55,9.802778240931714,Nan
56,22.697563532109147,Nan
57,22.440801689912377,Nan
58,11.962048344333844,Nan
59,34.119362924155325,Nan
60,25.933079494114548,Nan
61,21.909163209718365,Nan
62,22.526988972305812,Nan
63,24.502491196872555,Nan
64,11.614597546027483,Nan
65,12.560362050818263,Nan
66,13.34134901039834,Nan
67,28.094595093654593,Nan
68,23.90285291063973,Nan
69,17.631607771784985,Nan
70,12.82728478296939,Nan
71,6.1952426715653,Nan
72,41.57243679250338,Nan
73,21.09229115984447,Nan
74,24.53765648215263,Nan
75,7.0669008932603194,Nan
76,38.98966346511108,NASDelay
77,38.01610225521006,WeatherDelay
78,13.889432401452225,Nan
79,9.385897396295245,Nan
80,9.949397800074617,Nan
81,11.345574017427204,Nan
82,32.449300783402364,Nan
83,8.235199519035733,Nan
84,11.915481077073913,Nan
85,22.225147058281948,Nan
86,23.208940694302342,Nan
87,10.71204010991833,Nan
88,17.039223561886555,Nan
89,12.758172703368952,Nan
90,27.011160430759976,Nan
91,15.909320338210225,Nan
92,23.522651233693086,Nan
93,15.434131855327703,Nan
94,17.927033167555603,Nan
95,28.906449648943177,Nan
96,26.765188784416143,WeatherDelay
97,30.039156699214164,Nan
98,11.893366161585359,Nan
99,39.86120973567746,Nan
100,17.363754586115267,Nan
101,34.7905110075303,Nan
102,10.128943958346614,Nan
103,16.433161021191797,Nan
104,13.864945622926673,Nan
105,14.044408544920536,NASDelay
106,8.06383743481324,Nan
107,14.951439331890509,Nan
108,36.01986859356474,LateAircraftDelay
109,25.57860225684733,Nan
110,23.719682950209148,Nan
111,20.66040034118734,Nan
112,36.247654851296986,Nan
113,32.86973009010197,Nan
114,15.402169646367174,Nan
115,24.29657110569814,Nan
116,30.758926698281694,Nan
117,23.47371473296556,Nan
118,27.392412264907467,Nan
119,33.662022514903,Nan
120,16.523662287645973,Nan
121,25.446443606567982,WeatherDelay
122,28.499102700781574,Nan
123,35.664386245451965,Nan
124,22.944806888978498,Nan
125,33.22579471628647,LateAircraftDelay
126,28.362533718854554,Nan
127,25.635901305638733,Nan
128,31.037617263157745,NASDelay
129,9.968984254506461,Nan
130,20.55429163818526,Nan
131,29.332262572258546,WeatherDelay
132,22.783371177730928,Nan
133,17.06601764478365,Nan
134,38.02646054122704,WeatherDelay
135,9.057900355198951,Nan
136,24.40961575464181,Nan
137,21.928016816781856,Nan
138,33.69480732638348,Nan
139,27.111453999729395,Nan
140,15.346170069568345,Nan
141,30.074741589691715,WeatherDelay
142,34.33449485665935,Nan
143,16.916677933982267,Nan
144,29.067860922535036,Nan
145,19.081829289601345,Nan
146,31.978748465921317,Nan
147,23.908316548178714,WeatherDelay
148,17.319474313185832,Nan
149,25.903081310338692,WeatherDelay
150,28.70549229117665,Nan
151,17.8790124158226,Nan
152,10.889661246175233,Nan
153,24.393949219800373,Nan
154,18.1276790600215,Nan
155,23.348024157973946,WeatherDelay
156,32.93216691400819,WeatherDelay
157,10.68623761111759,Nan
158,27.16659738098281,Nan
159,6.664855570392495,Nan
160,23.111850266696568,Nan
161,23.44684981672999,Nan
162,35.763986363106156,Nan
163,16.4912294187538,Nan
164,21.663023017851515,Nan
165,12.812231582035889,Nan
166,17.619935671551662,NASDelay
167,8.672076333338584,Nan
168,18.768727679946174,NASDelay
169,22.158476757514595,Nan
170,29.935655718674145,Nan
171,28.527360263696583,Nan
172,35.63027980200805,Nan
173,23.64725157185275,Nan
174,27.31164828647658,Nan
175,24.77379083929199,Nan
176,26.57948639927761,Nan
177,24.27382751098652,Nan
178,17.44273298157722,Nan
179,18.949193825790648,Nan
180,37.58728045552755,WeatherDelay
181,23.832622565357326,Nan
182,29.678943041970467,Nan
183,36.93066937367267,WeatherDelay
184,29.00819770138074,Nan
185,19.589199948685025,Nan
186,22.22570955294324,WeatherDelay
187,36.711665065785,Nan
188,19.798564894963278,WeatherDelay
189,19.28545554509058,Nan
190,20.83479093685518,Nan
191,25.84830344932358,Nan
192,42.293722006582485,WeatherDelay
193,25.672053527738676,Nan
194,31.262839266315215,Nan
195,30.10557174917737,Nan
196,13.410023014470944,Nan
197,25.98271243752084,WeatherDelay
198,38.46921747463176,Nan
199,23.729938991508252,Nan
200,35.140748377420536,Nan
201,12.727542448546707,Nan
202,20.35724233285263,Nan
203,23.879119067939804,Nan
204,12.229533006637677,Nan
205,29.68448471746714,Nan
206,30.068932794951362,WeatherDelay
207,11.897742434227371,Nan
208,29.61337935557808,Nan
209,19.32662427741769,Nan
210,8.271626017166193,Nan
211,14.811978241378931,NASDelay
212,26.042776498075686,Nan
213,26.149368383184665,Nan
214,19.270115263572436,Nan
215,13.383731088034835,Nan
216,15.098110722181435,Nan
217,9.920228382761367,Nan
218,19.53537485757171,Nan
219,15.04900673698383,Nan
220,26.770525166624775,Nan
221,20.519135397395843,Nan
222,16.946174126980324,Nan
223,17.585030864009454,Nan
224,26.440326915360842,Nan
225,10.604857217093077,Nan
226,11.301662842707014,Nan
227,10.08156621635484,Nan
228,21.12500655344501,Nan
229,26.14897866516753,WeatherDelay
230,15.614706533519747,Nan
231,25.50485099502168,Nan
232,19.74315572664307,WeatherDelay
233,19.76412259991626,Nan
234,32.56169066044126,NASDelay
235,31.153534401888532,CarrierDelay
236,22.721137258469103,Nan
237,8.301240075503445,Nan
238,9.887698414443706,Nan
239,22.269014483429732,Nan
240,26.84143378534679,WeatherDelay
241,29.99536084518579,Nan
242,12.421455581062911,Nan
243,12.699442018565726,Nan
244,39.14229960477036,NASDelay
245,12.538562489821935,Nan
246,26.62068806549927,Nan
247,14.057487319573301,Nan
248,26.45622965820713,Nan
249,27.503211436351148,Nan
250,26.49474076083324,WeatherDelay
251,15.435035419284418,Nan
252,17.523585462565467,Nan
253,36.90869056178879,LateAircraftDelay
254,15.463394798689961,Nan
255,18.011668377461653,Nan
256,18.414998999486293,Nan
257,30.76516977366448,LateAircraftDelay
258,43.30706126393491,Nan
259,14.325546189588255,Nan
260,20.647792093098218,Nan
261,7.882293961905489,Nan
262,27.761906568377736,Nan
263,24.563678395433126,Nan
264,30.544192670042346,Nan
265,11.74136367188899,Nan
266,29.337293598710563,Nan
267,37.525028597242326,Nan
268,10.848473196899452,Nan
269,22.116954367384505,Nan
270,25.31275383341242,Nan
271,20.61956102185583,Nan
272,25.09742303007096,Nan
273,33.29232784211534,Nan
274,38.38319518652199,LateAircraftDelay
275,27.80163095940014,Nan
276,12.303860759473686,Nan
277,34.06101605321986,NASDelay
278,15.894630383305813,Nan
279,34.46120618456773,Nan
280,32.65084104367851,Nan
281,20.311435598337813,Nan
282,25.161981924297052,Nan
283,26.316341725745612,Nan
284,14.598296354917064,Nan
285,14.508282886234742,Nan
286,18.31900809121664,Nan
287,20.012623360920614,WeatherDelay
288,29.76811555059243,Nan
289,30.38706304668688,NASDelay
290,13.224270116450235,Nan
291,12.04785880733959,Nan
292,7.750105499131369,LateAircraftDelay
293,16.783425087094233,Nan
294,23.054050767838337,Nan
295,22.30242894261191,Nan
296,41.016636061945974,Nan
297,29.711447101968663,Nan
298,24.906772997870103,Nan
299,23.182408931629883,Nan
300,8.69069307349543,Nan
301,28.658588078998026,Nan
302,38.816148678627926,Nan
303,22.543885544856092,Nan
304,35.98703383060128,WeatherDelay
305,30.83769623333514,Nan
306,36.46814115060174,Nan
307,27.90180920856844,Nan
308,8.303992987419935,Nan
309,18.18740859649474,Nan
310,19.776711590249256,Nan
311,20.278341631944492,Nan
312,27.913315599119517,NASDelay
313,35.738542652259824,Nan
314,12.269609096652111,NASDelay
315,31.429841442171895,Nan
316,18.3680023141973,Nan
317,35.67337645728179,NASDelay
318,20.195641203127053,Nan
319,10.58798693180395,Nan
320,24.69633995748963,Nan
321,21.056301552691178,Nan
322,24.56131812695767,Nan
323,21.57665976568701,WeatherDelay
324,26.35723443177038,Nan
325,29.83798072830128,Nan
326,20.818572352571632,Nan
327,28.72179789868701,Nan
328,16.913918194772787,Nan
329,9.852811429213707,Nan
330,35.59786724462863,WeatherDelay
331,25.746125366566332,Nan
332,18.33402428384764,Nan
333,29.314031294486657,Nan
334,30.908690335208394,LateAircraftDelay
335,15.687836005720651,Nan
336,27.851855579222605,Nan
337,29.549514417974986,LateAircraftDelay
338,15.922947393144884,Nan
339,14.623967834382217,Nan
340,11.348968660627097,Nan
341,4.652540832918731,Nan
342,36.670140000558845,WeatherDelay
343,32.14697071359974,Nan
344,36.430101477347634,WeatherDelay
345,22.24254988725363,Nan
346,21.855077155175437,Nan
347,33.36051927441342,Nan
348,17.8553540020255,Nan
349,25.79359278745011,Nan
350,17.904013264688388,Nan
351,16.037920062425375,Nan
352,35.169393713110395,Nan
353,23.601605430112965,Nan
354,9.802882161203406,NASDelay
355,32.70969135145984,Nan
356,10.272658692596027,Nan
357,31.326849424655347,Nan
358,10.746881663147946,Nan
359,24.594517492346796,WeatherDelay
360,18.818685709058762,Nan
361,21.205515562447033,Nan
362,13.769267343499187,Nan
363,8.855671006015417,Nan
364,17.884847127832668,NASDelay
365,37.10227099648348,Nan
366,32.241768599582045,Nan
367,32.13283268538096,Nan
368,25.75562703639048,LateAircraftDelay
369,17.24905638487468,Nan
370,25.263507802607926,Nan
371,22.894318185045428,Nan
372,13.676717619499762,Nan
373,16.113983099138654,Nan
374,27.877386965278564,WeatherDelay
375,15.815716630986557,Nan
376,18.69753190553721,Nan
377,40.17757698718104,Nan
378,21.99807947330074,NASDelay
379,39.69065991610934,Nan
380,28.83573942342559,NASDelay
381,15.655039072165252,Nan
382,15.742025403832372,Nan
383,26.520497638886756,Nan
384,17.985951091630813,Nan
385,16.366880966685443,Nan
386,31.447190761162833,Nan
387,14.340985910128442,Nan
388,12.01307598798316,Nan
389,20.59661387710393,Nan
390,29.6791310100912,Nan
391,27.446439195164682,Nan
392,22.996829294682374,Nan
393,17.38120657304946,Nan
394,6.399735895776626,Nan
395,18.24364927354784,Nan
396,19.17123178073556,Nan
397,15.149474306225983,WeatherDelay
398,9.542102417846245,Nan
399,19.530559201767623,Nan
400,25.793243511327006,Nan
401,32.80795238129001,Nan
402,29.560302661743723,Nan
403,23.817061086244106,Nan
404,17.882741942170703,Nan
405,23.040301513680213,Nan
406,25.355384608799866,Nan
407,31.379005139186955,Nan
408,31.636704334014954,WeatherDelay
409,20.393684327548318,Nan
410,24.04258282487268,LateAircraftDelay
411,13.731966781835055,Nan
412,26.35379152691819,Nan
413,28.40443804699832,Nan
414,19.814501124656474,Nan
415,48.16812034699885,LateAircraftDelay
416,33.39748023076007,Nan
417,20.39235435969358,Nan
418,17.76498037899962,Nan
419,23.435119025314055,Nan
420,22.573680128552937,Nan
421,22.057171667409964,Nan
422,27.597507190711962,Nan
423,20.333801515209778,Nan
424,20.76569041394141,Nan
425,13.661114419396917,NASDelay
426,14.956847476940109,Nan
427,27.06966095440021,Nan
428,11.110958644724889,Nan
429,23.45331160751914,Nan
430,31.330263863893894,Nan
431,5.623339844262279,Nan
432,20.8860738410816,Nan
433,13.603683302909229,Nan
434,11.85433773714523,Nan
435,19.51952849260691,Nan
436,30.575599494132117,Nan
437,15.210639851404313,Nan
438,32.3105908970559,Nan
439,12.762162237469322,Nan
440,16.989797636587923,Nan
441,11.45520151363953,Nan
442,14.992133179747473,Nan
443,38.43273463511905,WeatherDelay
444,28.328331923519787,WeatherDelay
445,19.798529452447347,Nan
446,21.038931016931457,Nan
447,22.07290811074045,Nan
448,14.848180642317693,Nan
449,30.708071627146676,Nan
450,34.07672695839564,Nan
451,16.024247013079346,Nan
452,14.052841263423446,Nan
453,22.837296155407692,Nan
454,26.664779968860888,Nan
455,17.170478585389393,Nan
456,21.26225461188092,Nan
457,22.139853434090572,Nan
458,32.33511349340614,Nan
459,23.93309603414668,Nan
460,6.991460125772717,Nan
461,18.043141186953193,Nan
462,31.254023698764332,LateAircraftDelay
463,25.061299141518614,Nan
464,23.374698842225914,Nan
465,23.32746736644283,LateAircraftDelay
466,25.992873504362475,Nan
467,21.56945060991761,LateAircraftDelay
468,20.896223390427963,Nan
469,25.117810318411706,Nan
470,26.725244053578482,Nan
471,19.768894682417145,Nan
472,20.11835970385033,Nan
473,30.26915614603929,WeatherDelay
474,27.973446283866988,Nan
475,31.037330909658113,Nan
476,23.108674407000642,Nan
477,19.744121917645618,Nan
478,11.2328420924948,Nan
479,7.064394771650328,Nan
480,28.972763013929434,Nan
481,36.39059479667421,Nan
482,26.665055227236426,Nan
483,39.666554669788795,WeatherDelay
484,7.586584332892242,Nan
485,17.80702234300826,Nan
486,32.04914395773574,WeatherDelay
487,39.57663733979584,NASDelay
488,14.062477716750497,Nan
489,18.766545258297977,Nan
490,28.92592848826901,Nan
491,14.503274767567092,Nan
492,5.458510468195293,Nan
493,22.35103511214689,Nan
494,29.673062304968806,WeatherDelay
495,18.50247658105571,Nan
496,28.887397660579257,WeatherDelay
497,26.63814039393446,Nan
498,12.57227318528421,Nan
499,32.41005721187979,WeatherDelay
500,24.63578403616811,Nan
501,17.1746353026404,Nan
502,30.184594420055635,Nan
503,34.713309017483894,Nan
504,28.823110089071225,WeatherDelay
505,40.90911668811863,NASDelay
506,27.27319558192234,Nan
507,28.078399223482624,Nan
508,5.76859440914609,Nan
509,16.197865576899762,LateAircraftDelay
510,18.95984541249317,Nan
511,22.286001048281186,Nan
512,26.74349803042787,Nan
513,37.936576873980684,Nan
514,10.665748335102418,Nan
515,15.158506784618897,Nan
516,31.25360033119897,WeatherDelay
517,20.456354708719932,Nan
518,15.218451281288377,Nan
519,29.28696844034162,Nan
520,35.3259751931968,WeatherDelay
521,25.258223009457677,Nan
522,40.023345884386856,Nan
523,33.42648058523014,LateAircraftDelay
524,18.820351061948422,Nan
525,32.869633533113316,WeatherDelay
526,18.679510235896586,Nan
527,16.038139345662568,Nan
528,22.262977997966217,Nan
529,22.510009348112977,Nan
530,27.480877874569455,Nan
531,39.43826727486095,WeatherDelay
532,21.637956577961848,Nan
533,33.046844463349515,Nan
534,16.21112672825457,Nan
535,25.518037964457292,Nan
536,15.113796468902514,Nan
537,4.289950358408959,Nan
538,17.95967115815626,Nan
539,34.39087782542359,WeatherDelay
540,20.422707268292434,LateAircraftDelay
541,17.613502824885774,Nan
542,13.371212081558642,Nan
543,18.51136593880587,Nan
544,29.592136071314616,Nan
545,30.45824596996839,NASDelay
546,23.944343861290037,Nan
547,20.505025126530604,WeatherDelay
548,18.14870982246507,Nan
549,35.21558244740659,Nan
550,39.55189276977245,Nan
551,28.041214341739117,Nan
552,27.51771589566152,Nan
553,16.678200339421377,Nan
554,36.16942032097391,Nan
555,13.184546668096772,Nan
556,18.818771076603895,Nan
557,22.919704397562903,Nan
558,26.279418954400075,Nan
559,14.424791797223207,Nan
560,15.633761846940967,Nan
561,9.584329413846557,NASDelay
562,15.6814289872183,Nan
563,26.739696900669376,NASDelay
564,22.674249332107504,Nan
565,26.73660693889543,NASDelay
566,29.20169269938476,WeatherDelay
567,34.79148108838224,LateAircraftDelay
568,22.185783486290745,Nan
569,24.434407892464264,Nan
570,14.674373510261656,Nan
571,16.70563739747759,Nan
572,15.8947428151263,Nan
573,32.30507146515397,Nan
574,31.032522658223694,WeatherDelay
575,32.63382209755072,Nan
576,26.30824175375061,Nan
577,17.033703073009736,Nan
578,28.542811430227136,NASDelay
579,23.726052149959642,WeatherDelay
580,27.067041980692007,LateAircraftDelay
581,38.381479532219146,LateAircraftDelay
582,32.68667636348758,Nan
583,36.2835683434231,Nan
584,12.176452604344256,Nan
585,19.666955443919697,Nan
586,24.842466381398236,WeatherDelay
587,28.3181240454217,Nan
588,17.217054519692415,Nan
589,22.01463672724966,Nan
590,10.941890577809083,Nan
591,9.831711628712652,Nan
592,25.01171000003279,Nan
593,30.309379075074542,Nan
594,30.830470429773765,Nan
595,26.576859866024957,Nan
596,19.60268404269563,Nan
597,24.03045464867928,Nan
598,16.766619200888552,Nan
599,18.323250054184793,WeatherDelay
600,25.613156390927582,WeatherDelay
601,7.572382174361328,Nan
602,15.446772925476072,Nan
603,20.111778176980078,Nan
604,15.051572875154648,Nan
605,18.453850985500907,Nan
606,25.29368900170595,WeatherDelay
607,33.207724295041075,Nan
608,35.51764983493079,Nan
609,44.869392534692594,LateAircraftDelay
610,16.324202828250083,Nan
611,20.975433857989824,Nan
612,15.030647255227489,Nan
613,21.24067703070475,Nan
614,19.567360649319635,Nan
615,22.827797936556106,Nan
616,29.76841235383085,LateAircraftDelay
617,27.670999295871535,Nan
618,27.78611222045055,Nan
619,12.029185675911648,Nan
620,49.602147260067454,WeatherDelay
621,4.615615840881198,Nan
622,24.96437822580743,NASDelay
623,27.692710277260705,Nan
624,19.244515016953784,Nan
625,22.003587078415308,LateAircraftDelay
626,36.85773482830318,Nan
627,19.657413470298536,Nan
628,31.183401029548154,Nan
629,31.334750272542568,Nan
630,28.027443173147095,Nan
631,22.432020873610977,Nan
632,14.710449892803386,Nan
633,25.7095845691726,Nan
634,7.933240798346338,Nan
635,20.436886544471648,Nan
636,29.20136315620748,Nan
637,16.52973292019506,Nan
638,11.727630798046487,Nan
639,31.692807331977054,Nan
640,9.486348543917531,Nan
641,28.75394943610377,WeatherDelay
642,40.90364217722285,Nan
643,25.597559557347733,Nan
644,21.790958605213692,Nan
645,23.340502265612702,Nan
646,14.79109880511022,Nan
647,10.637044128699678,Nan
648,6.785285667030546,Nan
649,23.573463037996337,Nan
650,22.94412515702158,Nan
651,19.953552897032903,NASDelay
652,34.83991891528231,WeatherDelay
653,26.606597055793035,Nan
654,29.112559523800204,Nan
655,28.988040006777165,Nan
656,39.0656334521362,Nan
657,20.566773701676368,Nan
658,10.365909630986241,Nan
659,8.860001389836327,Nan
660,18.42287345659673,Nan
661,27.388442911269276,Nan
662,17.954275480894403,Nan
663,16.621135144658812,Nan
664,30.012469713172674,NASDelay
665,19.839219424940374,Nan
666,16.51864205910452,Nan
667,41.29826475345641,Nan
668,28.62719896752237,WeatherDelay
669,41.10082496081215,WeatherDelay
670,25.042113716422584,Nan
671,29.16430522673642,Nan
672,11.130972303849198,Nan
673,11.325731847529738,Nan
674,24.295984825527324,Nan
675,17.448142613828256,Nan
676,22.512889344763526,WeatherDelay
677,10.712627204962796,Nan
678,19.801483385400616,Nan
679,11.461248966029256,Nan
680,24.425109569110752,Nan
681,16.25680946151511,Nan
682,32.43574437433605,Nan
683,11.989383402629908,Nan
684,17.225717945705757,Nan
685,36.420332573926174,Nan
686,25.678239854257228,Nan
687,14.054083444763187,Nan
688,24.892090433096108,Nan
689,12.032812849664516,Nan
690,28.85886189385379,Nan
691,25.432103342139477,Nan
692,16.478672700513883,Nan
693,21.269974635594007,NASDelay
694,32.61287409962388,WeatherDelay
695,28.15836332409363,Nan
696,17.515369558168427,WeatherDelay
697,34.35874761236431,WeatherDelay
698,18.47957785362058,Nan
699,34.751007742078414,WeatherDelay
700,20.00341697358109,NASDelay
701,33.15558252820334,LateAircraftDelay
702,25.380810327707675,Nan
703,14.238782268349276,Nan
704,33.57006366554897,WeatherDelay
705,40.43563146574806,Nan
706,26.634290075802948,Nan
707,30.251736778255147,CarrierDelay
708,20.61241202259684,Nan
709,29.65740868964711,Nan
710,30.130058322256946,LateAircraftDelay
711,38.84422315101618,CarrierDelay
712,37.884072313936656,Nan
713,27.18682681656163,Nan
714,26.261569893191282,Nan
715,14.34137334165019,LateAircraftDelay
716,12.844454740771592,Nan
717,10.36784955597947,Nan
718,32.0087267651552,Nan
719,18.9687687822473,Nan
720,24.510474494465576,NASDelay
721,5.093008881047529,Nan
722,14.708971055189082,Nan
723,15.970652285938858,Nan
724,22.931726145216246,Nan
725,36.928286169795456,Nan
726,26.73206885654427,Nan
727,19.23625722740228,Nan
728,22.749928755694363,Nan
729,22.49999579193728,Nan
730,8.949361762632643,Nan
731,13.68981040608113,Nan
732,16.770456162333346,Nan
733,20.490613702963977,Nan
734,21.377539595020878,Nan
735,14.899042975462702,Nan
736,38.76768224467,WeatherDelay
737,29.680276658447173,Nan
738,21.374619113989528,Nan
739,28.729562096957462,Nan
740,26.852899850396962,WeatherDelay
741,25.531421654144417,Nan
742,26.6986344451627,Nan
743,27.890587907104365,Nan
744,19.805382811725675,Nan
745,24.37941534392014,Nan
746,25.486795184350466,Nan
747,26.219747893072938,WeatherDelay
748,24.654860916012947,Nan
749,30.08651311371118,Nan
750,28.809780092960853,Nan
751,20.555858757434084,Nan
752,12.670129511402646,Nan
753,7.458926042351623,Nan
754,20.10787929870149,Nan
755,17.452306726414378,Nan
756,25.254987646819167,Nan
757,36.49705761165646,Nan
758,24.653186691381947,Nan
759,29.695917233559054,Nan
760,32.23438206037761,Nan
761,13.616865653298031,Nan
762,23.640423575730303,Nan
763,33.798678819398106,Nan
764,29.056445483732336,Nan
765,28.237051550422134,WeatherDelay
766,20.4853583112871,Nan
767,19.939621688068804,Nan
768,22.047671733847555,Nan
769,25.564714860143386,Nan
770,19.912378237223503,Nan
771,21.717601320035026,NASDelay
772,28.97016994418389,Nan
773,9.65509390525145,Nan
774,24.87468329485566,Nan
775,21.208355793293027,Nan
776,15.911477354604443,Nan
777,7.047072476985672,Nan
778,13.787153867939683,Nan
779,31.453577535819573,WeatherDelay
780,27.06463607862977,Nan
781,27.706573394809734,WeatherDelay
782,15.264487533328921,Nan
783,33.35141519293391,Nan
784,10.519947584943923,Nan
785,31.63177468470732,Nan
786,19.936421882535324,Nan
787,10.478357591002288,Nan
788,23.570196696401744,Nan
789,30.786041591524633,Nan
790,31.944995775096242,Nan
791,35.926069118146486,LateAircraftDelay
792,22.99010113864417,Nan
793,22.48799783981641,Nan
794,30.57680648028244,LateAircraftDelay
795,11.65878426790988,Nan
796,18.098864544765387,Nan
797,12.04594612474391,Nan
798,35.36076087663574,Nan
799,10.533405641487732,Nan
800,17.157923071551306,Nan
801,15.246785952705615,Nan
802,11.967684838448797,Nan
803,12.181088922391549,Nan
804,23.896325911920133,WeatherDelay
805,29.730093202505127,Nan
806,10.716965479765765,Nan
807,22.414364365287756,WeatherDelay
808,24.48352927138126,Nan
809,11.687069787824779,Nan
810,24.763383313425226,NASDelay
811,25.088661556580906,Nan
812,31.068258315932848,WeatherDelay
813,22.321554393445297,Nan
814,22.093635342127424,Nan
815,14.684933308037639,Nan
816,21.255592666235863,Nan
817,12.498801611555322,Nan
818,25.67807051517208,Nan
819,28.656846952084816,Nan
820,24.621238493833708,Nan
821,5.821614452088108,Nan
822,16.467769934400692,Nan
823,34.54972251652514,NASDelay
824,13.567061340609776,Nan
825,10.66568429317498,Nan
826,26.047496073917927,Nan
827,12.458782562296424,WeatherDelay
828,30.321218555269244,Nan
829,24.213472002478277,Nan
830,27.70145356819251,Nan
831,14.090740308701559,WeatherDelay
832,34.77611278234582,Nan
833,10.867046536637996,Nan
834,41.53688346078144,NASDelay
835,14.048057591996102,Nan
836,26.89558487619094,Nan
837,20.962747079561723,Nan
838,40.156399572945986,Nan
839,20.194103124153052,Nan
840,34.24900860853435,NASDelay
841,30.14111213320378,Nan
842,14.000118125894595,Nan
843,22.36486377849471,Nan
844,18.406664358896442,Nan
845,15.177884786518867,Nan
846,18.32794989029824,Nan
847,34.38318747136722,WeatherDelay
848,19.26710542321418,Nan
849,40.15875410905507,Nan
850,26.1262556730879,Nan
851,12.800174539088523,Nan
852,22.92478958654779,Nan
853,20.7130979606928,Nan
854,16.84905739877688,Nan
855,27.531972695415863,Nan
856,4.926519627743701,Nan
857,19.187158359978227,Nan
858,26.105098847057292,NASDelay
859,27.036503489586412,Nan
860,28.215358224020786,WeatherDelay
861,24.12239985956077,Nan
862,19.04248390505425,Nan
863,26.651328715513326,Nan
864,9.401383912764466,Nan
865,8.415582493352089,Nan
866,34.00497219394191,Nan
867,24.252724988878036,Nan
868,15.911427133918693,Nan
869,11.06414334807953,Nan
870,14.163428769525808,Nan
871,13.829416654762618,Nan
872,23.091789781805126,Nan
873,8.525018827422628,Nan
874,26.466829418042842,WeatherDelay
875,28.93603854357958,NASDelay
876,19.96300651528142,Nan
877,26.792515083539055,NASDelay
878,18.583413000671964,Nan
879,35.8947281151991,Nan
880,23.310162598572223,Nan
881,17.605554820658806,Nan
882,30.585310818296154,Nan
883,14.746193750748585,Nan
884,7.606260055422327,Nan
885,13.458878797187772,Nan
886,18.839402990297227,Nan
887,12.64551687523565,Nan
888,37.386612276212986,Nan
889,31.508519702741406,Nan
890,19.083690460113004,Nan
891,24.383822704975454,Nan
892,12.985208065094529,Nan
893,32.53178597659655,NASDelay
894,11.774027423692587,NASDelay
895,34.02616196314226,Nan
896,14.43118782400629,Nan
897,28.142995269919982,Nan
898,23.347103294552465,WeatherDelay
899,41.81280410807878,Nan
900,29.797322846967166,NASDelay
901,19.71091847536143,WeatherDelay
902,21.536147235416816,Nan
903,33.538330621297746,Nan
904,17.80552257143774,Nan
905,28.75919132378915,Nan
906,22.653430309852727,Nan
907,7.999238829421255,Nan
908,26.16914252778472,Nan
909,7.2276083677861305,Nan
910,47.050595461520246,CarrierDelay
911,24.014087687074085,Nan
912,16.384803788882557,Nan
913,26.74584912367361,Nan
914,22.749840898646728,Nan
915,27.572777471489392,Nan
916,17.60805681311812,Nan
917,37.157453171314955,WeatherDelay
918,29.09237568126913,Nan
919,36.35244959742916,WeatherDelay
920,32.21120779482453,NASDelay
921,24.58655372529327,Nan
922,23.35909530687901,Nan
923,21.914842085199382,Nan
924,26.84863436004802,Nan
925,36.503044656557606,NASDelay
926,24.45830642082655,Nan
927,20.028103872062417,Nan
928,11.761344540188869,NASDelay
929,15.356782968318601,Nan
930,28.63927247590239,Nan
931,24.304304230141195,Nan
932,18.034468622042716,Nan
933,17.927479614671146,Nan
934,14.940313162109241,WeatherDelay
935,26.517867605521698,Nan
936,12.763526580103257,Nan
937,28.99240642615855,Nan
938,18.128099582032732,Nan
939,28.317329938735075,Nan
940,30.470445434028644,Nan
941,23.298724257684142,Nan
942,35.554510470422954,LateAircraftDelay
943,22.431965185074343,WeatherDelay
944,17.380722886784028,Nan
945,24.42791041028852,NASDelay
946,21.9958294457143,Nan
947,25.322505308883436,LateAircraftDelay
948,28.95055680253523,Nan
949,29.82453552372095,Nan
950,28.54132209359553,Nan
951,13.271237090328384,Nan
952,14.831714922136303,Nan
953,41.81635068515968,NASDelay
954,4.743824835368374,Nan
955,25.67404875913291,WeatherDelay
956,15.224834354978181,Nan
957,27.703293884194704,Nan
958,21.532658865707457,Nan
959,46.799343459128224,WeatherDelay
960,28.002832673579103,WeatherDelay
961,15.535624223685698,Nan
962,9.638834441964521,Nan
963,22.936751555249256,WeatherDelay
964,34.81522446893713,Nan
965,16.886067764036056,Nan
966,19.99581926041741,Nan
967,34.21413509704958,Nan
968,30.876907066743588,Nan
969,28.972753526335556,Nan
970,28.968398044313805,Nan
971,20.291913383008826,Nan
972,28.562236257577307,WeatherDelay
973,29.195954490088003,Nan
974,18.840206698894796,Nan
975,25.375053100829057,Nan
976,18.77119374663538,Nan
977,20.516058569840403,Nan
978,22.091322334944334,Nan
979,29.454173304864756,Nan
980,22.0708482694709,WeatherDelay
981,30.563128995136683,Nan
982,10.980901451674622,Nan
983,16.32045785046668,Nan
984,32.50085084685384,Nan
985,11.385670648501716,Nan
986,28.99366402380701,Nan
987,22.796924577159043,Nan
988,27.277664953648202,Nan
989,16.37777403473518,Nan
990,24.914475865813756,Nan
991,9.99227699176976,Nan
992,39.10213203223573,Nan
993,28.996691862218388,Nan
994,13.18007291094349,Nan
995,18.51648361996487,Nan
996,13.379618474992974,Nan
997,18.96603102218505,WeatherDelay
998,12.566844493867357,Nan
999,40.31449810200088,NASDelay
1000,20.427009040588693,Nan
1001,14.816687604719839,Nan
1002,34.24683445710909,Nan
1003,16.672755425068004,Nan
1004,7.9811645507985585,Nan
1005,30.99256922798433,WeatherDelay
1006,23.886770472681363,Nan
1007,28.717406269967302,Nan
1008,32.46304217138433,NASDelay
1009,20.05517592089121,Nan
1010,12.37481750512903,WeatherDelay
1011,40.041486844659445,Nan
1012,19.177405503220363,Nan
1013,10.024361260656363,Nan
1014,15.030561276712046,Nan
1015,21.8454788568346,Nan
1016,25.63334670361298,Nan
1017,17.069194401052293,Nan
1018,12.95603068259113,Nan
1019,18.50333862981335,Nan
1020,23.328383227363073,Nan
1021,11.581406351103588,Nan
1022,25.352933616453786,WeatherDelay
1023,33.26195295489005,WeatherDelay
1024,18.27468378043791,Nan
1025,33.26458176176553,Nan
1026,15.33389868973524,NASDelay
1027,27.127568931715192,Nan
1028,26.714376548952796,Nan
1029,24.898404473007812,Nan
1030,32.3403177086939,Nan
1031,14.599876195390177,Nan
1032,19.530015685586267,Nan
1033,30.76549057085195,Nan
1034,12.359369908343865,Nan
1035,12.608217525365589,Nan
1036,19.967355324680195,Nan
1037,16.71492560749532,Nan
1038,32.25163240270854,Nan
1039,35.67374989638684,Nan
1040,33.38530297835628,Nan
1041,24.23138311859444,Nan
1042,19.377089856920744,Nan
1043,9.353763208801867,Nan
1044,28.583812276925837,LateAircraftDelay
1045,7.629607964943689,Nan
1046,29.390548532313378,Nan
1047,17.324634577822383,Nan
1048,23.000016219608067,Nan
1049,27.110707549561983,Nan
1050,26.658216647659092,Nan
1051,20.691505580597845,Nan
1052,10.970317231384485,Nan
1053,14.603790954913968,Nan
1054,30.099013562227274,Nan
1055,11.973300995171567,Nan
1056,29.347622118778585,Nan
1057,30.273253602308042,Nan
1058,27.765665447816804,WeatherDelay
1059,21.769623929328983,WeatherDelay
1060,29.861937572957512,Nan
1061,25.153245525679033,NASDelay
1062,31.245941009046145,Nan
1063,28.18769659997847,Nan
1064,35.67007773128066,WeatherDelay
1065,26.189687616509616,Nan
1066,32.6551546973911,WeatherDelay
1067,14.185217283192173,Nan
1068,28.220466363295845,Nan
1069,19.899424072187532,Nan
1070,29.340507630380845,Nan
1071,21.657250513037265,Nan
1072,13.724065065060177,Nan
1073,24.20287002989356,Nan
1074,15.99345857622982,Nan
1075,34.83203548661794,Nan
1076,25.584499253149126,Nan
1077,24.28324423951899,Nan
1078,12.627477918537682,Nan
1079,6.648412149696355,Nan
1080,19.348392035749285,Nan
1081,11.246839366210903,Nan
1082,14.372085869832237,Nan
1083,8.382810940216379,Nan
1084,14.248742922730692,Nan
1085,31.45042335566305,Nan
1086,18.438168211166058,Nan
1087,21.01256513873538,Nan
1088,18.397165086048826,Nan
1089,20.083895154354767,Nan
1090,10.402492612510866,Nan
1091,23.415826020151634,Nan
1092,10.09414466856259,Nan
1093,30.976800826546462,LateAircraftDelay
1094,15.99747487377308,Nan
1095,16.4487315965614,Nan
1096,25.29330366745972,Nan
1097,46.853194512802304,WeatherDelay
1098,14.316276920796021,Nan
1099,9.947072777363708,Nan
1100,25.501204312402567,Nan
1101,21.06533274250482,Nan
1102,22.68289842315746,WeatherDelay
1103,25.7399708410234,Nan
1104,34.239660023572,Nan
1105,31.008820130108216,Nan
1106,24.653320388989535,Nan
1107,28.621949745710918,Nan
1108,32.848842927478984,WeatherDelay
1109,17.782423279897348,Nan
1110,23.288095446106215,Nan
1111,26.311120578170637,Nan
1112,12.192286868791705,Nan
1113,33.567416328049134,WeatherDelay
1114,29.673138350327566,Nan
1115,24.61797211456527,NASDelay
1116,28.29006346964437,Nan
1117,25.659302637139323,WeatherDelay
1118,22.22554007825031,Nan
1119,1.829659025859459,Nan
1120,15.18718878027861,Nan
1121,26.131592609290642,Nan
1122,19.861859076315557,NASDelay
1123,14.25858656305132,Nan
1124,14.30855075300789,Nan
1125,28.58688850610473,Nan
1126,30.144012105821883,Nan
1127,20.029171981836356,Nan
1128,18.092042634547923,Nan
1129,28.11391719805218,Nan
1130,28.35616772759906,Nan
1131,34.613938372793484,LateAircraftDelay
1132,21.98867135358642,Nan
1133,26.830528698134213,Nan
1134,22.628671861645778,WeatherDelay
1135,28.732378669594087,Nan
1136,11.153286688149038,Nan
1137,27.857177282552893,Nan
1138,29.71004771375218,Nan
1139,8.475203356818136,Nan
1140,8.705347813016882,Nan
1141,13.613964159385446,Nan
1142,29.976323574572266,Nan
1143,8.520695886136114,Nan
1144,10.192184637498352,Nan
1145,21.407941865745407,Nan
1146,7.741199680222294,Nan
1147,12.912778932126148,Nan
1148,27.31021152233141,WeatherDelay
1149,20.638685378576586,Nan
1150,28.99245444543629,WeatherDelay
1151,26.588286287247275,WeatherDelay
1152,17.14966400908632,Nan
1153,23.241494699445774,Nan
1154,21.425617644675878,WeatherDelay
1155,25.53861150250275,Nan
1156,22.871556922472156,Nan
1157,33.12737562391975,Nan
1158,22.0937621609131,Nan
1159,30.946921425763268,Nan
1160,26.836088081467924,Nan
1161,19.403131294539033,Nan
1162,21.652750138897666,Nan
1163,41.24139716987892,Nan
1164,27.219123932403573,WeatherDelay
1165,24.27057702845162,Nan
1166,19.824887240371968,Nan
1167,28.11376704089488,Nan
1168,9.138159723348407,Nan
1169,34.410692772820184,WeatherDelay
1170,31.746764334167768,Nan
1171,19.432271604909477,Nan
1172,31.990182526744203,WeatherDelay
1173,11.163719503828677,Nan
1174,29.983361462602044,Nan
1175,11.939561815691587,Nan
1176,27.56939385572421,CarrierDelay
1177,21.542682134291088,Nan
1178,15.646797867330974,Nan
1179,18.338459623679817,Nan
1180,15.37767007154049,Nan
1181,27.637024260205887,Nan
1182,28.548310355826192,Nan
1183,27.947075617535408,Nan
1184,25.207426988334003,Nan
1185,20.09077585383609,Nan
1186,10.041491252996872,Nan
1187,24.024640088319153,Nan
1188,33.31368881002004,WeatherDelay
1189,28.080477155462948,Nan
1190,22.60853777825105,Nan
1191,29.270999855731628,Nan
1192,30.9606275404694,Nan
1193,21.580952987807674,Nan
1194,19.430307865503963,Nan
1195,15.797730211711198,Nan
1196,9.933570396662224,Nan
1197,15.223860305759196,Nan
1198,14.192752379695843,Nan
1199,25.560814012689704,Nan
1200,27.380161626646714,WeatherDelay
1201,18.316066804890067,Nan
1202,30.93010091366912,Nan
1203,16.83696705602664,Nan
1204,32.52056899092568,NASDelay
1205,32.14778456738007,Nan
1206,13.508822712198171,Nan
1207,27.94141283251341,Nan
1208,14.10704705881593,Nan
1209,23.954679722078698,Nan
1210,16.88461128769087,LateAircraftDelay
1211,10.138725233386594,Nan
1212,15.118034656083122,Nan
1213,28.165079544737733,Nan
1214,10.760233795991766,WeatherDelay
1215,21.835325534764614,Nan
1216,30.33552576063477,WeatherDelay
1217,17.003451893956736,Nan
1218,17.37190578396936,Nan
1219,14.555158782483808,Nan
1220,24.72626429446386,NASDelay
1221,20.193086227795884,NASDelay
1222,37.643574213870934,WeatherDelay
1223,29.31709693915901,Nan
1224,24.326948562175737,Nan
1225,28.883329986070866,Nan
1226,28.13785951954763,Nan
1227,26.69743764622635,LateAircraftDelay
1228,23.265294532783926,Nan
1229,20.723197661802256,Nan
1230,17.16443766668805,Nan
1231,29.737691869427703,Nan
1232,31.647080672433045,Nan
1233,24.386570090054846,Nan
1234,15.313345132548712,Nan
1235,29.246879841493755,WeatherDelay
1236,17.497854884040844,Nan
1237,13.800179726259504,Nan
1238,38.99745182210995,LateAircraftDelay
1239,17.431871989176678,Nan
1240,19.910224287976828,NASDelay
1241,12.735837080902616,Nan
1242,23.35907586953124,Nan
1243,24.203008403888358,Nan
1244,21.73905186489465,Nan
1245,17.721720198641602,Nan
1246,29.73676703198363,NASDelay
1247,13.076430127715085,Nan
1248,32.99770908363496,Nan
1249,16.195303298151117,Nan
1250,31.049633902930918,WeatherDelay
1251,14.424643646879804,Nan
1252,30.04563580347946,Nan
1253,9.947149391705263,Nan
1254,23.304161802171883,LateAircraftDelay
1255,29.37257725044901,Nan
1256,26.797585990882073,Nan
1257,23.318811751584597,Nan
1258,21.26131068987353,Nan
1259,10.146783567167615,Nan
1260,16.169420031006116,Nan
1261,29.368857878637517,WeatherDelay
1262,11.052134003779251,Nan
1263,12.77652118304886,Nan
1264,30.642780794876924,WeatherDelay
1265,16.12062698625931,Nan
1266,25.946519266827252,Nan
1267,22.30254997723034,Nan
1268,18.257760295315915,Nan
1269,17.776477387558355,Nan
1270,44.42096788073573,LateAircraftDelay
1271,21.402982314305273,Nan
1272,17.366794671242143,LateAircraftDelay
1273,20.63480835547031,Nan
1274,30.49520872621714,Nan
1275,22.36204335341013,Nan
1276,16.111352508054605,Nan
1277,7.399397651870332,Nan
1278,23.89072220437137,WeatherDelay
1279,7.19615233979941,Nan
1280,17.127856492038315,Nan
1281,35.98336015315759,LateAircraftDelay
1282,12.352201494595871,Nan
1283,20.562348249578758,Nan
1284,20.694662526938508,NASDelay
1285,31.00167856872071,WeatherDelay
1286,27.255785116236364,Nan
1287,29.764721501964996,Nan
1288,10.917180461600093,Nan
1289,30.645634270517167,WeatherDelay
1290,21.398382789538985,Nan
1291,10.047597410966818,Nan
1292,18.867824931013676,Nan
1293,21.710135711226933,Nan
1294,18.67292933715009,Nan
1295,24.871467757849516,Nan
1296,12.01978788757227,Nan
1297,25.671486726624856,Nan
1298,38.83126974257547,WeatherDelay
1299,6.9076952538576215,Nan
1300,28.342594332098127,WeatherDelay
1301,17.060427636455564,Nan
1302,34.479822936209544,WeatherDelay
1303,26.73074621782391,Nan
1304,30.149766458405264,WeatherDelay
1305,15.906322067426387,Nan
1306,13.456325217994298,Nan
1307,28.812227846708378,Nan
1308,16.336770974360093,Nan
1309,30.08717677938576,Nan
1310,27.150555138060295,Nan
1311,24.290943625021832,Nan
1312,21.570507954319428,Nan
1313,32.237444090936165,Nan
1314,23.891370479879843,Nan
1315,18.34413611410584,Nan
1316,37.76981770103065,NASDelay
1317,31.130056321995173,Nan
1318,15.672418503632993,CarrierDelay
1319,33.71221408144946,Nan
1320,12.845246522309793,Nan
1321,17.94474272736809,Nan
1322,27.228021164302692,Nan
1323,11.355075205867863,Nan
1324,24.184750555023427,Nan
1325,17.763242372872547,Nan
1326,11.810238812948146,Nan
1327,15.255341718442288,Nan
1328,30.664903450274682,Nan
1329,18.971729407012226,Nan
1330,4.570755897305409,Nan
1331,33.882106838720446,Nan
1332,24.91445619760657,Nan
1333,18.290860890114374,Nan
1334,25.039553707109818,Nan
1335,3.7579800591352672,Nan
1336,12.202397650345759,Nan
1337,25.682901305908814,Nan
1338,29.950165093216032,Nan
1339,10.054193106038335,Nan
1340,26.244840596778587,LateAircraftDelay
1341,13.44075706708745,Nan
1342,25.858783879736624,Nan
1343,31.259266423973354,Nan
1344,29.17238754025347,Nan
1345,8.920341718934685,Nan
1346,29.629912949679873,Nan
1347,35.07543132511094,Nan
1348,9.692525798176831,Nan
1349,24.572378082863672,Nan
1350,28.29906861758273,Nan
1351,20.384355610489212,Nan
1352,10.006274534686769,Nan
1353,18.82422670101125,Nan
1354,18.89900785267582,Nan
1355,23.883478184983513,Nan
1356,7.494667238114307,Nan
1357,28.963708645794025,Nan
1358,24.411730848152246,Nan
1359,39.65835199905051,WeatherDelay
1360,10.46740503844981,Nan
1361,21.385075193191934,Nan
1362,21.739928070249512,Nan
1363,23.850099216678256,Nan
1364,11.954884143049686,Nan
1365,31.773199814699193,Nan
1366,18.680842215183795,Nan
1367,30.031699626546963,WeatherDelay
1368,15.327315479086543,Nan
1369,29.96283050479872,WeatherDelay
1370,32.86018484291844,Nan
1371,21.78786293132329,Nan
1372,28.975735409395636,Nan
1373,28.81162413154969,WeatherDelay
1374,24.630155801593354,Nan
1375,17.271150293486087,Nan
1376,15.849748692394442,Nan
1377,14.853823954210121,Nan
1378,22.070225100782984,Nan
1379,14.148744391396448,Nan
1380,16.221170666558468,Nan
1381,22.48844908075163,Nan
1382,20.27516440031585,Nan
1383,10.0413518779611,Nan
1384,12.809937641179364,Nan
1385,21.861718400834594,WeatherDelay
1386,23.363847598723957,NASDelay
1387,16.397606866880395,Nan
1388,25.43142285761374,Nan
1389,28.446436894838772,Nan
1390,28.990746816206073,NASDelay
1391,18.25860906103174,Nan
1392,20.516632500393282,Nan
1393,29.885764531079058,Nan
1394,12.08889070841013,Nan
1395,28.27457430705334,Nan
1396,16.88475528511656,Nan
1397,22.189561719721123,NASDelay
1398,29.616028257368182,Nan
1399,29.194129792098725,Nan
1400,22.38191206644868,Nan
1401,11.006969377439638,Nan
1402,16.94039136588428,Nan
1403,44.896068848114396,Nan
1404,24.29257455851443,Nan
1405,12.632789469497457,Nan
1406,34.94730905618671,WeatherDelay
1407,12.373237294344701,Nan
1408,34.12140260925821,Nan
1409,22.417543586367515,NASDelay
1410,37.641234742639526,Nan
1411,27.086937824731276,LateAircraftDelay
1412,29.679960646180003,LateAircraftDelay
1413,19.248006464217823,Nan
1414,9.297857310538637,Nan
1415,13.236784601966669,Nan
1416,36.501966910257366,Nan
1417,38.89684859290769,WeatherDelay
1418,25.888377683528983,Nan
1419,13.497173599843691,Nan
1420,29.125313124702696,Nan
1421,17.522427892475314,Nan
1422,25.438166860044294,Nan
1423,18.449394867370696,Nan
1424,16.824651719669,Nan
1425,30.12427298786105,WeatherDelay
1426,31.62221826854039,Nan
1427,14.350253001153632,Nan
1428,33.13858308160809,Nan
1429,19.37292136849573,Nan
1430,19.97231722304484,NASDelay
1431,27.450618022874526,Nan
1432,16.401380217869075,Nan
1433,22.062658446864297,Nan
1434,33.6641132936593,Nan
1435,10.201624459510985,Nan
1436,35.32514714227902,WeatherDelay
1437,18.590489969416247,Nan
1438,23.116893032479858,Nan
1439,41.0852655375533,WeatherDelay
1440,21.05791327226368,Nan
1441,29.764436031039022,Nan
1442,8.518312880915357,Nan
1443,29.115080151628394,Nan
1444,25.77715234207578,Nan
1445,29.30805851804207,NASDelay
1446,6.118803021924029,WeatherDelay
1447,13.817579437768238,Nan
1448,3.383046331236006,Nan
1449,26.975137471838952,Nan
1450,20.515280027087336,Nan
1451,27.584247940728584,Nan
1452,16.83724589679651,Nan
1453,23.471435408670416,Nan
1454,16.74900431220834,Nan
1455,22.29425805843751,Nan
1456,12.631271512374813,Nan
1457,21.13268422360954,Nan
1458,20.013324555538222,WeatherDelay
1459,30.809590391867854,NASDelay
1460,13.499365590390717,WeatherDelay
1461,20.72874411997957,Nan
1462,26.7871617827203,Nan
1463,23.26690483615361,Nan
1464,22.793977954059542,Nan
1465,10.474389975943968,Nan
1466,14.421016224418981,Nan
1467,16.2772536877729,Nan
1468,18.651046144308214,Nan
1469,15.762582360343078,Nan
1470,27.64899443127926,Nan
1471,14.762564655768013,Nan
1472,28.333570684458483,Nan
1473,11.309589066146728,Nan
1474,3.5541913525856756,Nan
1475,32.76985835443993,Nan
1476,27.258249980436677,Nan
1477,31.738779284166245,Nan
1478,21.404871653264795,Nan
1479,16.59056659354352,Nan
1480,18.274318307243338,Nan
1481,12.039436004566344,Nan
1482,29.221904094953192,Nan
1483,14.827484424091445,Nan
1484,29.22695079065532,Nan
1485,32.85181744053591,Nan
1486,19.93910913547172,Nan
1487,30.320009323771284,Nan
1488,15.237292263380546,Nan
1489,31.992087243122693,Nan
1490,18.174699040376904,Nan
1491,12.753910294219189,Nan
1492,28.509847604619782,Nan
1493,17.845678993918032,NASDelay
1494,23.030903087216828,Nan
1495,28.153875626326194,Nan
1496,23.336286143517718,Nan
1497,34.61809489145938,NASDelay
1498,34.7702862806116,WeatherDelay
1499,19.499445821252937,Nan
1500,35.96732099322672,WeatherDelay
1501,24.38327309340016,Nan
1502,9.643228965810232,Nan
1503,25.84662586758365,Nan
1504,19.27534009676698,Nan
1505,16.55710965008213,Nan
1506,20.822710349304028,Nan
1507,22.57513303431324,Nan
1508,21.067909010946067,Nan
1509,1.6877420456588847,Nan
1510,27.427949517125963,Nan
1511,11.058511671995475,Nan
1512,19.988075653967886,WeatherDelay
1513,38.21337857584422,Nan
1514,31.773758008992285,Nan
1515,17.55967014535851,Nan
1516,30.126347120563462,NASDelay
1517,14.292943766496325,Nan
1518,33.32290877888049,Nan
1519,18.028647596299365,Nan
1520,28.9274623228093,Nan
1521,34.55872442140054,WeatherDelay
1522,28.574970241128273,NASDelay
1523,31.84157433472829,Nan
1524,32.016997615808975,Nan
1525,27.022778203043114,LateAircraftDelay
1526,29.203676810668806,Nan
1527,14.994247567455322,Nan
1528,34.259917768541584,Nan
1529,20.062499332414344,Nan
1530,26.3960017914553,Nan
1531,25.124214655813475,Nan
1532,37.46134935283648,WeatherDelay
1533,12.61991714697896,Nan
1534,19.962800741478244,Nan
1535,18.39769064328257,Nan
1536,25.32701718054316,Nan
1537,23.864907776887026,WeatherDelay
1538,30.584626140206108,Nan
1539,17.96493456073401,Nan
1540,31.051741277877657,LateAircraftDelay
1541,33.18168522453011,Nan
1542,30.738622753445124,Nan
1543,36.40809421780064,WeatherDelay
1544,32.038884041563236,Nan
1545,18.72764237184269,Nan
1546,27.26555653965612,WeatherDelay
1547,19.045895717675158,Nan
1548,8.132737037042517,Nan
1549,22.863734496262175,Nan
1550,36.75038775007124,Nan
1551,5.291299251572752,Nan
1552,14.306754220762183,Nan
1553,21.35298134385602,Nan
1554,18.208729985067833,Nan
1555,23.847804051381413,Nan
1556,14.619649398747907,Nan
1557,22.04064131583553,Nan
1558,26.494255794570208,WeatherDelay
1559,23.94470020297735,Nan
1560,10.1662036008411,Nan
1561,32.20328781036845,Nan
1562,21.527128898293544,Nan
1563,7.446343636588432,Nan
1564,25.868132731369,WeatherDelay
1565,22.168941455198052,Nan
1566,34.638658733383224,Nan
1567,20.175058385242384,Nan
1568,17.708685868867363,Nan
1569,27.145333314352992,Nan
1570,22.93683597752044,Nan
1571,16.748113408732802,Nan
1572,13.614992076352944,Nan
1573,-0.12478863180468203,Nan
1574,14.03645186995293,Nan
1575,10.134630508635729,Nan
1576,13.827099705547443,Nan
1577,15.128421868493852,Nan
1578,17.79978796313411,Nan
1579,30.025484773567438,Nan
1580,32.77779016275798,WeatherDelay
1581,31.75017996918373,WeatherDelay
1582,31.948505243378538,Nan
1583,15.687114293329511,Nan
1584,19.27156504464775,Nan
1585,30.68033374948637,Nan
1586,31.142820833646216,Nan
1587,25.90115175365022,Nan
1588,24.310001583609242,Nan
1589,28.61683798445009,WeatherDelay
1590,20.04596018880137,Nan
1591,-0.6026873187018813,Nan
1592,16.82672135403146,Nan
1593,20.310197293703343,WeatherDelay
1594,12.880761011661729,Nan
1595,35.279536544959484,NASDelay
1596,20.98287931785085,Nan
1597,23.258923756027567,Nan
1598,21.476592108670538,Nan
1599,28.656727653285028,Nan
1600,25.05335297882049,Nan
1601,17.55042497912729,Nan
1602,23.536540105472373,Nan
1603,19.978312662985484,Nan
1604,29.15616216223403,WeatherDelay
1605,9.69736362456828,Nan
1606,18.04990430122179,Nan
1607,19.1896962646752,Nan
1608,27.484486482841607,Nan
1609,29.385257368588785,Nan
1610,11.623773822013916,Nan
1611,12.285890614256637,Nan
1612,22.623791291279918,Nan
1613,19.314257900888215,Nan
1614,11.758679717378733,Nan
1615,12.403651753253552,Nan
1616,12.322687209620078,Nan
1617,31.77919469055053,Nan
1618,15.950751218110891,Nan
1619,16.25238304164868,Nan
1620,18.381700641579954,Nan
1621,17.167608427839546,Nan
1622,26.776984276035602,Nan
1623,28.206817477591105,Nan
1624,12.00157654373691,Nan
1625,29.325270166817038,Nan
1626,16.34653570195555,WeatherDelay
1627,24.279452744381228,Nan
1628,18.850098025617395,Nan
1629,26.63669655961907,LateAircraftDelay
1630,23.45407395468153,Nan
1631,17.7819841340437,Nan
1632,30.622092609073622,Nan
1633,17.89224399850358,Nan
1634,11.48702578713694,Nan
1635,32.02600886395159,NASDelay
1636,21.30035918710622,Nan
1637,24.526957804865603,Nan
1638,27.725605637008822,Nan
1639,30.66815576858391,Nan
1640,13.073390481922523,Nan
1641,13.77218244419166,Nan
1642,28.961753790206973,Nan
1643,33.6686821140225,Nan
1644,25.97363421522769,Nan
1645,26.45088652749132,Nan
1646,43.98560750128755,WeatherDelay
1647,32.61439971461354,NASDelay
1648,10.762954033716113,Nan
1649,14.850525236284852,LateAircraftDelay
1650,11.422606026604747,Nan
1651,24.6794093446503,WeatherDelay
1652,28.50780466638417,Nan
1653,30.610722375538163,NASDelay
1654,21.605662005346083,Nan
1655,29.139640668837156,Nan
1656,17.95230267364212,Nan
1657,28.077915292723016,Nan
1658,29.490163917842498,Nan
1659,10.960673406391432,Nan
1660,15.217371904418304,Nan
1661,35.16965180046826,Nan
1662,31.08843835602752,WeatherDelay
1663,11.323380136387215,Nan
1664,21.21925954463267,Nan
1665,35.24381367743264,WeatherDelay
1666,27.211545625909647,Nan
1667,23.462347105907988,WeatherDelay
1668,27.442370627672734,Nan
1669,31.61773890154942,LateAircraftDelay
1670,9.046607590535052,Nan
1671,24.201085234960193,Nan
1672,26.155765405602597,Nan
1673,17.09490946749394,Nan
1674,25.86789620813359,Nan
1675,19.854977410726487,Nan
1676,14.914709341987805,Nan
1677,21.553294061056725,Nan
1678,20.559611700999156,NASDelay
1679,27.115519838549236,Nan
1680,20.915890822099556,Nan
1681,14.770964144857277,Nan
1682,23.380524765754796,Nan
1683,30.00017476585918,Nan
1684,24.82627237053894,NASDelay
1685,24.026286430594553,WeatherDelay
1686,22.90463060398189,Nan
1687,27.379935325295666,Nan
1688,25.477138508131947,WeatherDelay
1689,27.78584957876166,Nan
1690,21.780653484094866,Nan
1691,33.1221187577751,NASDelay
1692,26.021791870704448,LateAircraftDelay
1693,30.651859125802243,NASDelay
1694,36.213653602810965,WeatherDelay
1695,25.140835599751725,Nan
1696,14.468918312653859,Nan
1697,29.42721239085837,Nan
1698,15.991596521497964,Nan
1699,16.46006892099511,Nan
1700,21.427375423910775,Nan
1701,33.73692199875039,WeatherDelay
1702,16.85371495320379,Nan
1703,14.678039747767222,Nan
1704,28.83538771761344,WeatherDelay
1705,28.08558429041307,Nan
1706,22.990830029299378,Nan
1707,22.104004080338562,Nan
1708,9.120974671559079,Nan
1709,24.240422760293985,Nan
1710,23.561679049930795,Nan
1711,41.37148594795117,WeatherDelay
1712,23.03150590655019,Nan
1713,23.26859274472365,Nan
1714,12.338549498627618,Nan
1715,19.272629907378978,Nan
1716,23.332375884926478,Nan
1717,22.325698019686335,NASDelay
1718,15.655725229787151,Nan
1719,13.9211102465365,Nan
1720,12.925068986554866,Nan
1721,9.195138208889254,Nan
1722,13.643934303690788,Nan
1723,32.561494036721,WeatherDelay
1724,35.70247856747494,Nan
1725,10.722755732612402,NASDelay
1726,12.66682350562084,Nan
1727,16.960347763458962,Nan
1728,25.018066044130276,LateAircraftDelay
1729,26.536196217510028,Nan
1730,34.18201311625006,Nan
1731,29.122591812931947,Nan
1732,14.941783160980705,WeatherDelay
1733,29.287395095931085,Nan
1734,9.834736506060569,Nan
1735,29.043792939810725,Nan
1736,29.05101538836379,Nan
1737,14.683752902524834,Nan
1738,22.405935613137796,NASDelay
1739,22.46250049244495,Nan
1740,21.764067867966173,Nan
1741,26.910129782606543,WeatherDelay
1742,27.65781374594953,WeatherDelay
1743,26.379458879082698,Nan
1744,29.708603676490203,Nan
1745,21.585518796557515,Nan
1746,29.83838217750647,WeatherDelay
1747,18.7413157738557,Nan
1748,19.23186801858187,NASDelay
1749,24.916110590599374,Nan
1750,29.63807348693018,Nan
1751,38.7076991740351,Nan
1752,20.833009876938707,Nan
1753,23.46902650341909,Nan
1754,23.7282339929029,Nan
1755,13.193447144379007,Nan
1756,10.459051403056863,Nan
1757,26.936176435771326,Nan
1758,14.281025945526995,Nan
1759,21.329831806710114,Nan
1760,14.734028784143327,Nan
1761,21.80155905272478,Nan
1762,26.966691459921865,Nan
1763,18.246417773306263,Nan
1764,15.590344933866678,Nan
1765,20.368963400856842,Nan
1766,12.137086542264829,Nan
1767,21.675440330852275,Nan
1768,27.164526859261972,WeatherDelay
1769,18.713233926135093,WeatherDelay
1770,29.471809831274758,Nan
1771,19.88373461436107,Nan
1772,39.60020685220698,LateAircraftDelay
1773,16.68804760571321,Nan
1774,17.04112912106593,WeatherDelay
1775,23.316464993912486,Nan
1776,22.204086139577818,Nan
1777,23.034089158286005,Nan
1778,28.707793628187442,Nan
1779,18.14103915626569,Nan
1780,10.775254326876063,Nan
1781,19.319935357801796,Nan
1782,38.48070896180447,Nan
1783,30.913005761354054,Nan
1784,29.344282202418487,Nan
1785,14.063043528924474,Nan
1786,11.692763368084627,Nan
1787,29.21954518136469,Nan
1788,20.21783479337306,Nan
1789,8.821848680091517,Nan
1790,21.49841338328237,Nan
1791,22.856956487653484,NASDelay
1792,27.29533340225591,Nan
1793,14.71486935296544,Nan
1794,37.14634066896312,Nan
1795,17.73852178569851,Nan
1796,27.022997859069587,Nan
1797,14.017179312309537,Nan
1798,6.75058199647528,Nan
1799,9.993059297555767,Nan
